feature_name,idf_weights
aamiin,4.144152278672264
abai,7.0063531596017325
abal,7.699500340161678
abud,7.294035232053513
ada,5.7535901911063645
adab,5.994752247923253
adat,7.0063531596017325
adil,6.195422943385404
adu,7.294035232053513
agama,5.827698163260086
agustus,6.600888051493568
ah,6.783209608287523
ahli,6.600888051493568
air,5.396915247167632
ajar,7.0063531596017325
akal,7.294035232053513
akhir,5.7535901911063645
akibat,6.783209608287523
akses,6.783209608287523
akur,7.699500340161678
al,7.294035232053513
alah,7.294035232053513
alam,5.096810654717294
alamin,6.783209608287523
alas,7.294035232053513
alat,6.783209608287523
alfarisi,7.294035232053513
alhamdulillah,5.214593690373678
alias,7.0063531596017325
alir,7.294035232053513
allah,4.521446509813732
aman,5.994752247923253
amanah,6.313205979041787
ambil,7.0063531596017325
ambisi,6.783209608287523
ambisius,7.294035232053513
amblas,6.783209608287523
amerika,6.783209608287523
amit,7.699500340161678
an,5.3481250829982
anak,4.703768066607687
ancam,6.783209608287523
andai,7.0063531596017325
aneh,7.0063531596017325
angan,7.294035232053513
angel,7.699500340161678
anggap,7.0063531596017325
anggar,5.684597319619413
anggota,7.294035232053513
anggur,6.44673737166631
angin,6.783209608287523
angkut,7.294035232053513
anies,5.060443010546419
antar,6.783209608287523
antek,7.0063531596017325
anti,6.313205979041787
antisipasi,6.783209608287523
antitesis,7.294035232053513
antri,7.294035232053513
anus,7.294035232053513
apa,4.061914180435292
apaapa,7.294035232053513
apartemen,7.294035232053513
apbn,5.620058798481842
api,7.0063531596017325
arab,7.294035232053513
area,6.600888051493568
art,7.294035232053513
arti,5.994752247923253
asa,7.294035232053513
asai,7.294035232053513
asal,6.090062427727577
aset,7.0063531596017325
asing,5.502275762825459
asli,5.502275762825459
asn,6.783209608287523
aspal,7.294035232053513
asri,6.783209608287523
assalamualaikum,7.294035232053513
asyik,7.294035232053513
atap,7.0063531596017325
atas,5.7535901911063645
atur,5.827698163260086
awal,5.257153304792474
awam,7.294035232053513
awas,5.907740870933623
awat,7.294035232053513
awo,7.699500340161678
ayam,7.294035232053513
ayem,7.699500340161678
ayo,5.7535901911063645
aziz,7.294035232053513
babat,6.783209608287523
baca,6.600888051493568
bacot,6.783209608287523
bagai,6.195422943385404
bagaimana,4.991450139059468
bagi,6.090062427727577
bagus,5.096810654717294
bah,7.699500340161678
bahagia,6.783209608287523
bahan,6.783209608287523
bahasa,7.294035232053513
bahkan,5.7535901911063645
bahu,7.699500340161678
baik,4.441403802140195
bakar,6.783209608287523
baku,7.0063531596017325
bal,7.294035232053513
balik,6.44673737166631
balikpapan,6.313205979041787
bandara,6.783209608287523
banding,6.44673737166631
bang,5.994752247923253
bangga,5.060443010546419
banggan,7.0063531596017325
bangkit,7.294035232053513
bangkrut,7.0063531596017325
bangsa,4.729085874591977
bangun,2.6989153819189236
banjir,5.559434176665407
bantu,6.195422943385404
banyak,3.9981983660491847
bapak,3.6135240276100937
bara,7.0063531596017325
barak,7.294035232053513
barang,7.294035232053513
barat,6.313205979041787
barokah,7.294035232053513
baru,3.9738069129250255
bas,7.294035232053513
basuki,7.0063531596017325
baswedan,4.958660316236477
batak,7.699500340161678
batas,6.195422943385404
batu,6.44673737166631
batubara,7.294035232053513
bau,7.0063531596017325
bawa,6.44673737166631
bawah,5.620058798481842
bayang,6.600888051493568
bayangin,7.294035232053513
bayar,5.214593690373678
be,7.294035232053513
beban,5.994752247923253
bebas,6.195422943385404
beberapa,6.600888051493568
beda,6.600888051493568
bedeng,6.600888051493568
beg,7.699500340161678
begini,6.090062427727577
begitu,7.0063531596017325
bekas,7.0063531596017325
belaka,7.294035232053513
belakang,7.0063531596017325
beli,6.313205979041787
belitung,7.699500340161678
belum,7.0063531596017325
benar,5.301605067363307
bencana,7.0063531596017325
benci,6.600888051493568
bendung,7.294035232053513
bener,6.600888051493568
beneran,7.294035232053513
benerin,7.699500340161678
bengkak,6.44673737166631
bengkalai,6.783209608287523
bentuk,7.0063531596017325
ber,7.294035232053513
berani,6.783209608287523
berapa,6.600888051493568
berat,6.600888051493568
beres,7.294035232053513
beri,4.866286996105462
berita,6.44673737166631
berkah,6.44673737166631
berkat,7.294035232053513
bersih,5.994752247923253
besar,4.755061360995238
besi,7.294035232053513
besok,7.294035232053513
best,7.294035232053513
betah,7.294035232053513
betawi,7.294035232053513
beton,7.294035232053513
betul,5.620058798481842
biar,4.585985030951303
biasa,5.173771695853422
biaya,5.7535901911063645
bicara,7.0063531596017325
bidang,6.600888051493568
bijak,6.44673737166631
bikin,4.866286996105462
bila,6.195422943385404
bilang,5.559434176665407
binatang,7.0063531596017325
bintang,7.699500340161678
bisa,6.783209608287523
bismillah,6.090062427727577
bismillahirrahmanirrahim,7.699500340161678
bisnis,6.44673737166631
blas,7.294035232053513
blok,7.294035232053513
blt,6.783209608287523
bobot,7.294035232053513
bod,7.294035232053513
bodo,7.294035232053513
bodoh,6.600888051493568
bohong,6.783209608287523
bom,7.0063531596017325
bondong,7.699500340161678
borneo,7.294035232053513
boros,6.783209608287523
bos,6.195422943385404
boss,7.0063531596017325
bravo,6.600888051493568
bro,5.559434176665407
btw,7.294035232053513
buah,6.600888051493568
buang,5.7535901911063645
buat,3.630473585923867
budak,7.294035232053513
budaya,5.994752247923253
buka,5.684597319619413
bukan,4.422355607169502
bukit,6.783209608287523
bukti,6.783209608287523
bulan,6.783209608287523
bumburo,7.294035232053513
bumi,6.313205979041787
bumn,6.783209608287523
bunga,7.0063531596017325
bungkus,7.294035232053513
bunker,7.294035232053513
bunuh,7.0063531596017325
bursa,7.294035232053513
buru,6.783209608287523
buruk,6.600888051493568
burung,7.294035232053513
butuh,5.684597319619413
buzzer,7.294035232053513
cadang,7.294035232053513
calon,6.090062427727577
candi,7.294035232053513
canggih,7.294035232053513
capai,6.313205979041787
capek,7.294035232053513
capres,7.294035232053513
cara,5.7535901911063645
cari,6.44673737166631
carter,7.294035232053513
catat,7.294035232053513
cebong,6.600888051493568
cepat,4.202992778695197
cerdas,5.994752247923253
cerita,7.294035232053513
china,5.620058798481842
choiri,6.783209608287523
cicit,7.0063531596017325
cin,7.699500340161678
cina,6.195422943385404
cinta,6.783209608287523
cipta,7.294035232053513
cita,7.0063531596017325
citra,7.0063531596017325
coba,5.907740870933623
cocok,7.0063531596017325
com,7.699500340161678
concern,7.294035232053513
contoh,5.907740870933623
covid,7.0063531596017325
coy,7.294035232053513
cuan,7.0063531596017325
cuci,7.294035232053513
cucu,5.3481250829982
cukup,6.783209608287523
cundang,7.294035232053513
curiga,6.600888051493568
daerah,5.684597319619413
daftar,7.0063531596017325
dagang,6.783209608287523
dah,7.294035232053513
dahulu,7.0063531596017325
dalam,6.44673737166631
damai,6.783209608287523
dampak,6.195422943385404
dan,7.0063531596017325
dana,5.396915247167632
dapat,6.313205979041787
dar,6.44673737166631
darat,7.0063531596017325
darurat,7.294035232053513
dasar,7.0063531596017325
datang,5.502275762825459
datar,6.44673737166631
daya,6.600888051493568
dayak,6.600888051493568
deal,7.294035232053513
defisit,7.0063531596017325
deh,6.195422943385404
dekat,6.195422943385404
demo,5.994752247923253
dengar,6.313205979041787
depan,4.608457886803362
derita,6.600888051493568
desa,7.0063531596017325
desain,6.783209608287523
didik,6.44673737166631
digundulin,7.294035232053513
dijakarta,7.294035232053513
dikalimantan,7.0063531596017325
dilanjutin,7.294035232053513
dinas,7.294035232053513
dipake,7.294035232053513
diri,6.090062427727577
disiapin,7.294035232053513
dki,6.600888051493568
doa,5.827698163260086
doang,5.502275762825459
dollar,7.294035232053513
dominasi,7.294035232053513
dong,5.3481250829982
dongo,7.294035232053513
dpr,5.827698163260086
drainase,7.294035232053513
drastis,7.294035232053513
drun,6.783209608287523
dua,7.294035232053513
dubai,7.0063531596017325
duduk,5.684597319619413
duit,5.214593690373678
dukung,4.926911617921897
dulu,4.837299459232209
duluan,7.0063531596017325
dumay,7.294035232053513
dunia,5.02535169073515
efek,7.294035232053513
eh,6.44673737166631
ekonomi,5.301605067363307
ekosistem,7.294035232053513
eksekusi,7.294035232053513
ekspor,7.699500340161678
elit,7.294035232053513
emang,7.294035232053513
emas,7.0063531596017325
enak,6.195422943385404
endingnya,7.294035232053513
engkau,7.294035232053513
entah,7.0063531596017325
era,6.783209608287523
eropa,7.0063531596017325
eror,7.294035232053513
esemka,6.783209608287523
esok,7.294035232053513
etis,7.294035232053513
fakta,7.0063531596017325
fanatik,7.699500340161678
fasilitas,6.783209608287523
firdaus,7.294035232053513
fix,7.294035232053513
fokus,6.783209608287523
foya,7.294035232053513
freeport,7.294035232053513
full,7.294035232053513
fun,7.294035232053513
fungsi,6.600888051493568
gagal,6.44673737166631
gaji,6.313205979041787
gambar,6.783209608287523
gampang,6.195422943385404
gan,7.0063531596017325
ganggu,7.0063531596017325
ganjar,7.294035232053513
ganti,4.809128582265513
gantung,7.0063531596017325
garong,7.699500340161678
gas,7.0063531596017325
gaya,7.294035232053513
gebu,7.699500340161678
gedung,5.502275762825459
gelap,7.294035232053513
gelar,7.0063531596017325
geliat,7.294035232053513
gempa,7.0063531596017325
generasi,7.0063531596017325
gera,7.294035232053513
gereja,5.3481250829982
gesa,7.699500340161678
gibran,7.294035232053513
gila,6.313205979041787
gilir,7.294035232053513
ginian,7.294035232053513
goblog,7.699500340161678
goggle,7.699500340161678
golong,7.0063531596017325
good,6.600888051493568
goreng,7.0063531596017325
gubernur,7.0063531596017325
guna,5.620058798481842
gundul,6.090062427727577
gunung,6.783209608287523
guru,7.294035232053513
gusur,7.0063531596017325
gx,7.699500340161678
ha,7.699500340161678
haaa,7.294035232053513
habis,5.134550982700141
hadap,7.0063531596017325
haduh,7.294035232053513
haha,7.294035232053513
hahaha,7.0063531596017325
haji,6.600888051493568
hakim,7.294035232053513
hal,7.294035232053513
halang,7.0063531596017325
hambalang,5.396915247167632
hambat,5.994752247923253
hambur,6.600888051493568
hampir,7.294035232053513
hancur,5.502275762825459
hantu,6.600888051493568
hapus,7.294035232053513
harap,5.301605067363307
harga,5.396915247167632
hari,5.907740870933623
haru,7.294035232053513
harus,5.907740870933623
hasil,5.301605067363307
hati,5.827698163260086
hayalan,7.294035232053513
hebat,5.827698163260086
hehe,7.294035232053513
hektar,7.0063531596017325
hemat,7.294035232053513
hendak,7.294035232053513
henti,5.684597319619413
hewan,6.783209608287523
hibur,7.699500340161678
hidup,5.214593690373678
hihihi,7.699500340161678
hijau,5.907740870933623
hilang,6.783209608287523
hina,7.294035232053513
hindar,7.294035232053513
hingga,6.600888051493568
hoax,7.294035232053513
hubung,7.0063531596017325
hujan,6.783209608287523
hukum,7.0063531596017325
huni,6.090062427727577
hut,6.600888051493568
hutan,4.144152278672264
hutang,4.1021880795732315
ibadah,5.502275762825459
ibu,4.403663474157349
ibukota,4.460821887997298
ide,6.600888051493568
ideal,7.699500340161678
ijazah,7.294035232053513
ijin,7.294035232053513
ikan,6.44673737166631
ikat,7.294035232053513
ikhlas,7.294035232053513
iklan,7.294035232053513
ikn,2.501003308895852
ikut,5.060443010546419
ilmu,7.294035232053513
imbang,7.0063531596017325
imigran,7.0063531596017325
impi,7.0063531596017325
indah,5.994752247923253
indonesia,3.099342695997131
industri,5.7535901911063645
info,6.783209608287523
infrastruktur,6.090062427727577
ingat,5.827698163260086
ingin,7.0063531596017325
ini,7.0063531596017325
inovatif,7.294035232053513
insyaa,6.195422943385404
internasional,7.294035232053513
inti,6.600888051493568
investasi,6.44673737166631
investor,5.684597319619413
iq,7.0063531596017325
ir,7.699500340161678
is,7.294035232053513
isi,6.313205979041787
islam,7.0063531596017325
istana,5.173771695853422
istilah,7.0063531596017325
isu,7.294035232053513
itu,6.600888051493568
iya,3.429802890461716
jabat,5.096810654717294
jadi,3.064771351932042
jaga,5.994752247923253
jahat,7.0063531596017325
jajah,6.313205979041787
jakarta,4.349596252887073
jalan,3.767674707437352
jalar,7.294035232053513
jalur,5.907740870933623
jaman,6.44673737166631
jamin,6.783209608287523
jangan,3.787477334733532
jangka,7.0063531596017325
jangn,7.294035232053513
janji,6.313205979041787
jateng,7.294035232053513
jatim,7.294035232053513
jauh,5.301605067363307
jauhjauh,7.294035232053513
jawa,4.585985030951303
jawab,6.313205979041787
jaya,5.3481250829982
jebak,7.294035232053513
jelas,5.502275762825459
jelata,7.294035232053513
jembatan,5.994752247923253
jenis,7.0063531596017325
jepang,7.0063531596017325
jerit,7.294035232053513
jikalau,7.294035232053513
jilid,6.783209608287523
jin,6.600888051493568
jiwa,6.783209608287523
job,6.783209608287523
joko,6.783209608287523
jokowi,3.8179365422182405
jokowidodo,7.294035232053513
jos,6.44673737166631
jual,6.44673737166631
juang,6.600888051493568
jujur,6.783209608287523
jumlah,7.294035232053513
justru,6.313205979041787
juta,5.827698163260086
kab,7.294035232053513
kabar,7.0063531596017325
kabel,5.827698163260086
kabupaten,7.294035232053513
kabur,7.294035232053513
kadrun,5.060443010546419
kafir,7.0063531596017325
kagum,7.0063531596017325
kah,7.0063531596017325
kait,6.313205979041787
kakek,7.699500340161678
kaki,7.294035232053513
kalah,5.994752247923253
kalang,7.294035232053513
kalau,3.3556949183079943
kali,6.090062427727577
kalian,5.620058798481842
kalimantan,3.870858943672583
kalsel,7.294035232053513
kalteng,7.294035232053513
kaltim,5.7535901911063645
kampanye,7.0063531596017325
kampung,6.313205979041787
kan,5.02535169073515
kanan,7.294035232053513
kang,7.294035232053513
kanker,7.294035232053513
kantor,6.44673737166631
kapan,5.994752247923253
kapasitas,7.294035232053513
karakter,7.294035232053513
kardus,7.699500340161678
karma,7.294035232053513
karya,7.0063531596017325
karyawan,7.294035232053513
kasih,5.134550982700141
kasihan,5.684597319619413
kasus,7.0063531596017325
kata,5.060443010546419
kau,5.994752247923253
kaum,6.783209608287523
kawasan,5.907740870933623
kaya,5.173771695853422
kayak,6.600888051493568
kayu,6.600888051493568
kebun,7.294035232053513
kebut,7.294035232053513
kecil,5.994752247923253
kejang,7.0063531596017325
kejar,7.294035232053513
kelak,6.600888051493568
kelapa,7.294035232053513
kelar,7.294035232053513
kelenteng,7.294035232053513
kelola,7.0063531596017325
kelompok,6.783209608287523
keluar,6.44673737166631
keluarga,6.783209608287523
keluh,7.294035232053513
kemarin,7.294035232053513
kembali,7.0063531596017325
kembang,5.907740870933623
kemudian,6.600888051493568
ken,6.090062427727577
kena,7.0063531596017325
kenang,7.294035232053513
kendala,7.0063531596017325
kendali,7.294035232053513
kendara,6.600888051493568
kepala,6.783209608287523
kerah,7.294035232053513
keras,6.313205979041787
keren,5.559434176665407
kereta,5.7535901911063645
keringat,7.294035232053513
kerja,3.395435246957508
kes,6.783209608287523
kesana,6.195422943385404
kesitu,7.294035232053513
ketua,7.294035232053513
khawatir,6.783209608287523
khusus,6.090062427727577
kiamat,7.294035232053513
kiblat,7.294035232053513
kira,5.994752247923253
kirain,7.294035232053513
kiri,7.294035232053513
kirim,7.294035232053513
kkkk,7.0063531596017325
klau,7.294035232053513
know,7.294035232053513
koar,7.294035232053513
kocak,7.294035232053513
kok,4.500827222610997
kolonial,7.294035232053513
komentar,5.907740870933623
kompleks,7.294035232053513
komplot,7.294035232053513
komunis,7.0063531596017325
kondisi,7.294035232053513
konoha,7.0063531596017325
konsep,7.294035232053513
konsorsium,7.294035232053513
konstruksi,7.0063531596017325
kontraktor,6.600888051493568
kontrol,7.294035232053513
kontruksi,6.600888051493568
kopi,7.294035232053513
korban,6.313205979041787
korsel,7.699500340161678
korupsi,4.6549779024382545
koruptor,6.600888051493568
kota,3.8493527384516195
kotor,6.783209608287523
krisis,7.0063531596017325
kritik,6.783209608287523
ku,5.559434176665407
kualitas,6.783209608287523
kuasa,5.994752247923253
kuat,6.090062427727577
kubu,7.294035232053513
kubur,7.294035232053513
kuching,7.699500340161678
kuli,6.195422943385404
kumuh,6.44673737166631
kurang,5.620058798481842
kuras,7.294035232053513
kursi,7.294035232053513
kuta,7.294035232053513
kwkwkw,7.294035232053513
ladang,6.783209608287523
lagi,7.294035232053513
lah,4.755061360995238
lahan,5.827698163260086
lahir,7.0063531596017325
lai,7.0063531596017325
lain,6.313205979041787
lajur,7.294035232053513
laksana,5.559434176665407
laku,6.090062427727577
lalu,6.090062427727577
lama,5.396915247167632
lamar,7.0063531596017325
lambat,6.44673737166631
lancar,3.540617256802006
landas,7.0063531596017325
lang,7.294035232053513
langit,7.294035232053513
langkah,7.294035232053513
langsung,6.44673737166631
lanjut,4.315110076815904
lanjutin,7.294035232053513
lantai,7.294035232053513
lapang,6.195422943385404
larang,6.783209608287523
lari,7.294035232053513
laut,6.44673737166631
lawak,7.0063531596017325
lawan,7.294035232053513
layak,7.294035232053513
lebar,6.44673737166631
lebat,7.0063531596017325
lebih,4.088582427517453
legacy,7.294035232053513
lekas,7.294035232053513
lengkap,7.0063531596017325
lengkung,7.699500340161678
lengser,7.0063531596017325
level,7.0063531596017325
lewat,6.090062427727577
lh,7.699500340161678
lho,6.783209608287523
liar,6.783209608287523
liat,7.0063531596017325
libat,5.684597319619413
lihat,4.187954901330658
like,7.294035232053513
lima,7.294035232053513
limpah,7.0063531596017325
lindung,5.907740870933623
lingkung,6.195422943385404
lingkungn,7.294035232053513
lipat,7.294035232053513
listrik,5.907740870933623
literasi,7.294035232053513
lndonesia,7.294035232053513
logika,7.0063531596017325
lokal,6.313205979041787
lokasi,6.783209608287523
loker,6.600888051493568
lol,7.294035232053513
lomba,7.294035232053513
lowong,7.294035232053513
luar,4.958660316236477
luarbiasa,7.294035232053513
luas,5.907740870933623
luhut,7.294035232053513
lumayan,6.313205979041787
lunas,7.0063531596017325
lupa,5.620058798481842
maaf,7.294035232053513
macet,5.620058798481842
mafia,7.0063531596017325
mah,6.195422943385404
maha,7.0063531596017325
mahal,6.195422943385404
main,6.44673737166631
maju,3.7775270038803637
makan,5.827698163260086
makanya,6.090062427727577
makhmud,7.294035232053513
makin,4.6314474050280605
makmur,5.907740870933623
maksa,6.44673737166631
maksimal,7.294035232053513
maksud,7.294035232053513
malah,5.096810654717294
malam,7.294035232053513
malas,6.600888051493568
malaysia,5.827698163260086
maling,7.699500340161678
mall,7.699500340161678
malu,6.600888051493568
mampu,5.907740870933623
mana,5.134550982700141
mandalika,7.294035232053513
mandek,7.0063531596017325
manfaat,5.827698163260086
mangkrak,4.233764437361952
manis,7.0063531596017325
mantan,7.294035232053513
mantap,4.679075454017315
manusia,5.7535901911063645
marah,7.0063531596017325
mardigu,7.699500340161678
mari,7.294035232053513
mas,6.313205979041787
masa,5.3481250829982
masak,6.600888051493568
masalah,5.559434176665407
masing,7.699500340161678
masingmasing,7.294035232053513
masjid,5.907740870933623
masuk,5.301605067363307
masya,7.294035232053513
masyaallah,7.0063531596017325
masyarakat,5.096810654717294
mata,6.44673737166631
mati,5.448208541555183
mau,4.233764437361952
maupun,7.0063531596017325
mayoritas,6.195422943385404
media,7.294035232053513
mega,5.994752247923253
megah,6.600888051493568
megaproyek,7.699500340161678
meikarta,5.214593690373678
memang,4.729085874591977
menang,6.313205979041787
mencret,7.699500340161678
mending,5.907740870933623
mental,7.294035232053513
menteri,5.827698163260086
merah,7.294035232053513
merdeka,6.090062427727577
mesjid,5.994752247923253
meski,6.783209608287523
mikir,6.600888051493568
milik,5.559434176665407
militer,7.0063531596017325
milu,7.0063531596017325
milyar,7.294035232053513
mimpi,5.827698163260086
minat,7.294035232053513
minim,6.783209608287523
minimal,6.783209608287523
minta,6.783209608287523
miring,7.699500340161678
mirip,6.090062427727577
miris,7.0063531596017325
misal,7.0063531596017325
misi,7.294035232053513
miskin,5.907740870933623
mixue,7.294035232053513
mobil,6.44673737166631
modal,6.783209608287523
model,7.0063531596017325
modern,6.44673737166631
modular,7.0063531596017325
moga,2.6690624187692427
mohon,6.44673737166631
mol,7.699500340161678
monas,6.44673737166631
monumen,7.294035232053513
mu,6.783209608287523
muda,7.294035232053513
mudah,4.367295829986475
mula,6.783209608287523
mulai,5.301605067363307
multi,7.699500340161678
mulu,7.294035232053513
munafik,7.0063531596017325
muncul,7.294035232053513
mundur,6.783209608287523
mungkin,4.991450139059468
murah,7.0063531596017325
muslim,7.294035232053513
musuh,7.0063531596017325
muter,7.294035232053513
nafsu,7.0063531596017325
nah,6.44673737166631
naik,5.620058798481842
nain,7.0063531596017325
najam,6.783209608287523
nama,5.3481250829982
nambah,7.0063531596017325
nanti,5.7535901911063645
nanya,7.294035232053513
nasi,7.0063531596017325
nasib,6.313205979041787
nasional,6.783209608287523
negara,3.7482566215802504
negeri,4.958660316236477
next,6.313205979041787
ngapain,5.994752247923253
nge,7.294035232053513
ngeri,7.0063531596017325
ngiang,7.699500340161678
ngomong,7.0063531596017325
ngotot,7.0063531596017325
ngurangin,7.699500340161678
ngurusin,7.699500340161678
ngutangtapi,7.699500340161678
niah,7.699500340161678
niat,7.294035232053513
nice,7.699500340161678
nih,6.313205979041787
nikah,7.699500340161678
nikmat,6.090062427727577
nilai,7.294035232053513
nipasti,7.699500340161678
niru,7.699500340161678
niscaya,7.294035232053513
njay,7.699500340161678
njir,7.699500340161678
njis,7.699500340161678
nkri,5.060443010546419
nnnaaahh,7.699500340161678
nntinya,7.699500340161678
nnya,7.699500340161678
no,6.783209608287523
noh,6.600888051493568
nol,7.294035232053513
nomer,7.294035232053513
nomor,7.294035232053513
nonton,7.294035232053513
noool,7.699500340161678
noor,7.699500340161678
normal,7.699500340161678
nostalgia,7.699500340161678
not,7.699500340161678
nuansa,7.699500340161678
nukang,7.699500340161678
numpang,7.699500340161678
numpuk,7.294035232053513
nun,7.699500340161678
nusa,7.294035232053513
nusantara,4.7817296080773986
nusantarapa,7.699500340161678
nya,3.605155777939577
nyaamiin,7.699500340161678
nyaamin,7.294035232053513
nyagak,7.699500340161678
nyala,7.699500340161678
nyaman,6.195422943385404
nyambung,7.699500340161678
nyampe,7.699500340161678
nyanyi,7.699500340161678
nyapres,7.699500340161678
nyari,7.294035232053513
nyata,5.502275762825459
nyimak,7.699500340161678
nyinyir,6.783209608287523
nyiyiran,7.699500340161678
nyolong,7.699500340161678
nyontoh,7.699500340161678
nyoo,7.699500340161678
nyungsep,7.294035232053513
nyuruh,7.699500340161678
nyusahin,7.0063531596017325
ob,7.699500340161678
obral,7.699500340161678
obrol,7.699500340161678
oe,7.699500340161678
official,7.294035232053513
oke,7.294035232053513
oknum,7.699500340161678
oksigen,7.699500340161678
olah,7.699500340161678
olahraga,7.699500340161678
oligark,7.699500340161678
oligarki,6.783209608287523
oligarkilo,7.699500340161678
olokolokan,7.699500340161678
om,7.294035232053513
omong,7.0063531596017325
omongin,7.699500340161678
ontokusumo,7.699500340161678
open,7.699500340161678
oper,7.699500340161678
operasi,7.699500340161678
oplas,7.699500340161678
oposisi,7.294035232053513
optimal,7.699500340161678
optimis,6.313205979041787
or,7.699500340161678
ora,7.699500340161678
orang,4.048842098867939
orangorang,7.294035232053513
orde,7.699500340161678
original,7.699500340161678
ormas,7.699500340161678
ormasormas,7.699500340161678
ornamen,7.699500340161678
otak,5.827698163260086
otakatik,7.699500340161678
otomatis,7.699500340161678
otorita,7.699500340161678
otot,7.699500340161678
otw,7.294035232053513
out,7.699500340161678
pabrik,7.294035232053513
pacar,7.699500340161678
pacu,7.294035232053513
pada,7.699500340161678
padahal,5.827698163260086
padat,7.0063531596017325
paddock,7.699500340161678
pade,7.699500340161678
pagi,7.699500340161678
paham,6.195422943385404
pahit,6.44673737166631
pahlawan,7.699500340161678
pajak,5.827698163260086
pakai,4.896139959255143
pakat,7.699500340161678
pakde,7.699500340161678
pakdhe,7.294035232053513
pakganjar,7.699500340161678
pakkesejateraan,7.699500340161678
paksa,5.994752247923253
paku,6.783209608287523
palestine,7.699500340161678
paling,5.396915247167632
palsu,7.294035232053513
pam,7.699500340161678
pamrih,7.699500340161678
panas,6.783209608287523
pancasila,7.699500340161678
pandai,7.0063531596017325
pandaiya,7.699500340161678
pandang,7.699500340161678
pangan,7.294035232053513
pangeran,7.699500340161678
panggang,7.699500340161678
pangkal,7.0063531596017325
pangung,7.699500340161678
panjang,5.907740870933623
pantai,7.699500340161678
pantas,6.600888051493568
pantau,6.783209608287523
panuroto,7.699500340161678
panutan,7.699500340161678
papapapa,7.699500340161678
papua,6.783209608287523
paradigma,7.699500340161678
paranpekerja,7.699500340161678
paring,7.699500340161678
parit,7.699500340161678
pariwisata,7.699500340161678
parkir,7.294035232053513
parlemen,7.699500340161678
partai,6.44673737166631
paru,6.195422943385404
paruparu,7.294035232053513
pas,6.783209608287523
pasang,7.0063531596017325
pasar,7.294035232053513
pasarpasar,7.699500340161678
pasbanget,7.699500340161678
paser,7.294035232053513
pasti,6.783209608287523
pasu,6.783209608287523
patah,7.294035232053513
paten,7.699500340161678
pati,7.699500340161678
patok,7.699500340161678
patriot,7.699500340161678
patung,7.294035232053513
patungan,7.699500340161678
pawang,7.699500340161678
payung,7.699500340161678
pbangunan,7.699500340161678
pdb,7.0063531596017325
pdi,7.294035232053513
pdip,7.699500340161678
pdliiknjbr,7.294035232053513
pecah,7.294035232053513
pecat,7.699500340161678
peduli,6.600888051493568
pegang,7.0063531596017325
pegawai,7.0063531596017325
pein,7.699500340161678
pekerjalapangan,7.699500340161678
pelan,7.0063531596017325
pelihara,7.699500340161678
peluang,7.0063531596017325
pematang,7.699500340161678
pemb,7.699500340161678
pembaggunanya,7.699500340161678
pemerintahsukses,7.699500340161678
pempus,7.699500340161678
pemuda,7.294035232053513
pencil,7.699500340161678
pendapata,7.699500340161678
pendek,7.699500340161678
pengab,7.699500340161678
pengaruh,7.294035232053513
penghianat,7.699500340161678
penjajajahdibutuhkan,7.699500340161678
penjara,7.294035232053513
pensiun,7.294035232053513
pensiunkhawatir,7.699500340161678
penting,5.173771695853422
penuh,6.783209608287523
pepatah,7.699500340161678
per,6.600888051493568
peran,7.699500340161678
perancanaan,7.699500340161678
perang,6.313205979041787
peras,7.294035232053513
perata,5.827698163260086
peraturang,7.699500340161678
perbanyakdan,7.699500340161678
percaya,6.44673737166631
percuma,7.0063531596017325
perdana,7.699500340161678
perdanafinland,7.699500340161678
perencanaanya,7.699500340161678
pergi,7.294035232053513
perhati,6.783209608287523
peringkat,7.699500340161678
perintah,4.403663474157349
periode,6.195422943385404
perkembanganya,7.699500340161678
perlu,5.684597319619413
permanen,7.294035232053513
pernah,6.195422943385404
perosok,7.699500340161678
persen,7.0063531596017325
persis,7.699500340161678
personal,7.699500340161678
personil,7.699500340161678
pertama,6.313205979041787
perubahantanpa,7.699500340161678
perut,7.699500340161678
pesan,7.699500340161678
pesat,7.699500340161678
pesawat,7.699500340161678
pesimis,7.0063531596017325
peting,7.699500340161678
petinggi,7.699500340161678
philipina,7.699500340161678
phk,7.699500340161678
phobia,7.699500340161678
photo,7.699500340161678
pihak,7.0063531596017325
pikir,5.502275762825459
pikirin,7.294035232053513
pilih,5.3481250829982
pilpres,7.294035232053513
pimpin,5.096810654717294
pindah,4.173139815545516
pindahin,7.0063531596017325
pinggang,7.699500340161678
pinggir,7.294035232053513
pinggiransemoga,7.699500340161678
pinjam,6.783209608287523
pintar,6.313205979041787
pinus,7.699500340161678
pisah,7.699500340161678
pita,7.294035232053513
pj,7.699500340161678
pki,7.0063531596017325
planing,7.699500340161678
plastik,7.699500340161678
please,7.699500340161678
plis,7.699500340161678
plisss,7.699500340161678
plissss,7.699500340161678
pln,7.699500340161678
pns,6.44673737166631
pohon,5.396915247167632
pokok,6.195422943385404
politik,6.44673737166631
polos,7.294035232053513
polusi,7.0063531596017325
polusisering,7.699500340161678
polutions,7.699500340161678
pondasi,7.294035232053513
pondasinya,7.699500340161678
populasi,6.600888051493568
portable,7.699500340161678
positif,7.294035232053513
posting,7.699500340161678
potensi,7.699500340161678
potong,6.783209608287523
power,7.699500340161678
pr,7.699500340161678
prabowo,7.294035232053513
praksi,7.699500340161678
praktek,7.699500340161678
praktis,7.699500340161678
pranowo,7.699500340161678
prasangka,7.699500340161678
prasarana,7.699500340161678
precast,7.699500340161678
prediksi,7.0063531596017325
premanpreman,7.699500340161678
prematur,7.699500340161678
presiden,3.647715392358373
presidenganti,7.699500340161678
presidenpengusahapartai,7.699500340161678
presidenpeninggalan,7.699500340161678
presidentsemoqa,7.699500340161678
prestisius,7.699500340161678
pret,7.294035232053513
pribadi,6.313205979041787
pribumi,6.195422943385404
prima,7.699500340161678
priode,7.294035232053513
prioritas,6.600888051493568
pro,7.699500340161678
produk,7.294035232053513
produksi,6.600888051493568
produktif,7.294035232053513
program,5.7535901911063645
progres,5.7535901911063645
progress,7.699500340161678
project,7.0063531596017325
projek,7.294035232053513
propaganda,7.699500340161678
properti,7.699500340161678
propokasi,7.699500340161678
proram,7.699500340161678
proramnyaklo,7.699500340161678
proses,5.620058798481842
protes,7.294035232053513
proton,7.294035232053513
provinsi,6.783209608287523
provokasi,7.699500340161678
proyek,3.7482566215802504
proyekproyek,7.699500340161678
proyeksi,7.699500340161678
pt,7.699500340161678
pu,7.699500340161678
puan,7.0063531596017325
puas,7.699500340161678
publik,7.0063531596017325
publish,7.699500340161678
puja,7.0063531596017325
puji,7.0063531596017325
pulang,7.699500340161678
pulau,5.173771695853422
pulo,7.699500340161678
puluh,6.44673737166631
punah,7.699500340161678
puncak,7.699500340161678
punya,5.134550982700141
pupr,7.0063531596017325
pupuk,7.0063531596017325
pura,6.600888051493568
purba,7.699500340161678
puruk,7.699500340161678
pusat,5.559434176665407
pusing,7.0063531596017325
putar,7.294035232053513
putih,7.294035232053513
putin,7.699500340161678
puting,7.699500340161678
putra,7.0063531596017325
putrajaya,7.294035232053513
putraputri,7.699500340161678
putri,7.0063531596017325
putus,6.600888051493568
qc,7.699500340161678
qu,7.699500340161678
rabbal,7.294035232053513
radar,7.294035232053513
radikal,7.699500340161678
ragu,7.294035232053513
rahasia,7.294035232053513
rahayu,7.294035232053513
rahman,7.294035232053513
rahmat,7.699500340161678
raja,6.783209608287523
rak,7.699500340161678
rakus,6.783209608287523
rakyat,3.8179365422182405
ramadhan,7.699500340161678
ramah,7.699500340161678
ramai,7.0063531596017325
rampok,7.294035232053513
rampung,6.44673737166631
rang,7.699500340161678
rangka,7.294035232053513
rangkai,7.699500340161678
rantau,7.0063531596017325
rap,7.699500340161678
rapat,7.294035232053513
rapatkita,7.699500340161678
rapi,6.195422943385404
ras,7.0063531596017325
rasa,5.620058798481842
rasyd,7.699500340161678
rasyid,7.699500340161678
rata,5.7535901911063645
ratna,7.699500340161678
ratus,7.699500340161678
raut,7.294035232053513
rawan,7.0063531596017325
raya,6.44673737166631
rb,7.294035232053513
reaksi,7.699500340161678
real,7.699500340161678
realisasi,6.44673737166631
realita,7.699500340161678
reboisasi,7.699500340161678
rebut,7.699500340161678
recokin,7.699500340161678
recycling,7.699500340161678
redbull,7.699500340161678
rekomendasi,7.0063531596017325
rekrutmen,7.699500340161678
rektor,7.699500340161678
relokasi,7.699500340161678
remeh,7.699500340161678
renang,7.699500340161678
rencana,5.214593690373678
rendah,6.600888051493568
rendam,7.699500340161678
renovasi,7.699500340161678
rentan,7.699500340161678
repot,7.699500340161678
repro,7.699500340161678
republik,6.783209608287523
resap,7.294035232053513
resesi,7.294035232053513
resiko,7.294035232053513
resmi,6.783209608287523
restu,7.699500340161678
reuni,7.699500340161678
rezeki,7.294035232053513
rezim,7.294035232053513
ri,5.502275762825459
riadi,7.699500340161678
riau,7.699500340161678
ribu,5.994752247923253
ribut,7.294035232053513
ridho,7.0063531596017325
ridhomu,7.699500340161678
ridwan,7.699500340161678
rif,7.699500340161678
rimba,7.699500340161678
rimbun,7.699500340161678
rindang,7.699500340161678
ringan,7.294035232053513
ripah,7.699500340161678
riset,7.699500340161678
risih,7.699500340161678
robbal,7.699500340161678
roboh,7.294035232053513
rocky,7.294035232053513
roda,7.294035232053513
roket,7.699500340161678
rokok,7.699500340161678
rompi,7.699500340161678
rop,7.699500340161678
rp,7.294035232053513
rphliter,7.699500340161678
rs,7.699500340161678
rt,7.294035232053513
ruang,6.44673737166631
ruas,7.699500340161678
rubah,6.783209608287523
rudal,7.294035232053513
rugi,7.0063531596017325
ruko,7.699500340161678
ruma,7.699500340161678
rumah,5.096810654717294
rumit,7.699500340161678
rupa,7.0063531596017325
rupiah,7.699500340161678
rusa,7.699500340161678
rusak,5.396915247167632
rusia,7.0063531596017325
rusuhh,7.699500340161678
rusun,7.294035232053513
rusunawa,7.699500340161678
rw,7.699500340161678
saa,7.699500340161678
saat,7.699500340161678
sabang,7.294035232053513
sabar,6.600888051493568
sadar,6.600888051493568
sadis,7.699500340161678
safe,7.699500340161678
sah,7.294035232053513
sahabat,7.294035232053513
saham,7.294035232053513
saing,6.783209608287523
saja,7.699500340161678
sakit,6.090062427727577
saksi,7.0063531596017325
sala,7.294035232053513
salah,5.559434176665407
salam,5.620058798481842
saling,7.699500340161678
salut,7.699500340161678
sama,4.403663474157349
samarinda,6.783209608287523
sambung,7.699500340161678
sambut,7.699500340161678
same,7.699500340161678
sampah,6.600888051493568
sampean,7.699500340161678
sampeyan,7.699500340161678
samping,7.699500340161678
sana,4.703768066607687
sanes,7.699500340161678
sangat,4.349596252887073
sangga,7.699500340161678
sangka,7.699500340161678
sangt,7.699500340161678
sanitasi,7.699500340161678
sanksi,7.699500340161678
santai,7.699500340161678
santun,7.294035232053513
sapa,7.699500340161678
saputra,7.699500340161678
sara,7.699500340161678
saran,7.294035232053513
sarana,7.0063531596017325
sarang,7.294035232053513
sarkas,7.699500340161678
sarumpaet,7.699500340161678
sasar,7.699500340161678
satelitny,7.699500340161678
satelitsub,7.699500340161678
satu,4.6549779024382545
satwa,7.699500340161678
satwadirusak,7.699500340161678
saudara,6.44673737166631
saudarasaudara,7.699500340161678
saudi,7.699500340161678
sawah,7.699500340161678
sawit,6.783209608287523
sayang,5.827698163260086
sayap,7.699500340161678
sblum,7.699500340161678
sby,6.44673737166631
sd,7.0063531596017325
sdangkan,7.699500340161678
sdm,6.600888051493568
sdmmasyarakat,7.699500340161678
sdmnya,7.699500340161678
se,7.699500340161678
seaplane,7.699500340161678
sebab,7.294035232053513
sebanyakbanyaknya,7.699500340161678
sebar,6.783209608287523
sebarkaan,7.294035232053513
sebenernya,7.699500340161678
sebentar,5.907740870933623
sebut,6.090062427727577
sedang,6.313205979041787
sederhana,7.294035232053513
sedia,6.783209608287523
sedih,7.0063531596017325
sedikit,6.195422943385404
sedot,7.294035232053513
seflpiwet,7.699500340161678
seftpower,7.699500340161678
segala,5.994752247923253
segani,7.699500340161678
segar,7.699500340161678
seger,7.699500340161678
segera,5.7535901911063645
segi,7.294035232053513
segitu,7.699500340161678
seh,7.699500340161678
sehat,4.441403802140195
sehatsemangatyang,7.699500340161678
sejahtera,5.684597319619413
sejak,6.313205979041787
sejarah,5.907740870933623
sejuk,7.699500340161678
sekali,5.173771695853422
sekall,7.699500340161678
sekarang,4.729085874591977
sekian,7.699500340161678
sekitar,6.313205979041787
sekolah,7.294035232053513
sektor,7.699500340161678
sekutu,7.699500340161678
sel,7.0063531596017325
selajutnya,7.294035232053513
selaku,7.699500340161678
selalu,4.991450139059468
selaluagar,7.699500340161678
selaludan,7.699500340161678
selamat,5.096810654717294
selang,7.699500340161678
selatan,6.600888051493568
selesai,4.367295829986475
selesaikansaya,7.699500340161678
selesainyajln,7.699500340161678
selokan,7.699500340161678
seluruh,5.620058798481842
seluurh,7.699500340161678
semai,7.699500340161678
semangat,5.134550982700141
semanggi,7.699500340161678
semangkin,7.699500340161678
semarang,7.699500340161678
semata,7.699500340161678
sembah,7.699500340161678
sembako,7.294035232053513
sembarang,7.294035232053513
semerawut,7.294035232053513
semesta,7.699500340161678
semiga,7.699500340161678
semngat,7.699500340161678
semo,7.699500340161678
semoi,7.0063531596017325
sempadan,7.699500340161678
sempat,7.0063531596017325
sempit,6.783209608287523
sempurna,7.699500340161678
semrawut,7.0063531596017325
semua,3.5563656137701454
semuaternyata,7.699500340161678
senang,5.907740870933623
senantiasa,7.699500340161678
sendiri,5.134550982700141
sendiridongo,7.699500340161678
sendirisendiri,7.699500340161678
senggol,7.699500340161678
sengsara,7.0063531596017325
senjang,7.699500340161678
sensara,7.699500340161678
sentris,7.699500340161678
sentuh,7.699500340161678
senyum,7.699500340161678
seoul,7.699500340161678
sepakat,7.294035232053513
sepakbola,7.699500340161678
sepatu,7.699500340161678
sepeda,7.294035232053513
sepenuh,7.0063531596017325
seperti,6.600888051493568
sepi,7.699500340161678
serah,7.294035232053513
serakah,6.600888051493568
serang,7.0063531596017325
serap,6.600888051493568
serawak,7.699500340161678
serba,7.699500340161678
serbu,7.294035232053513
seret,7.699500340161678
sering,7.0063531596017325
serius,7.699500340161678
serta,6.783209608287523
sertifikasi,7.294035232053513
server,7.699500340161678
sesak,7.699500340161678
sesal,7.699500340161678
sesuai,5.448208541555183
sesuatu,7.699500340161678
setapak,7.699500340161678
sewa,7.294035232053513
sgr,7.699500340161678
si,5.620058798481842
sia,7.699500340161678
siang,7.699500340161678
siap,5.620058798481842
siapa,4.991450139059468
siasia,7.699500340161678
siber,7.699500340161678
sibuk,7.699500340161678
sifat,7.294035232053513
sih,5.559434176665407
sikat,7.699500340161678
silah,7.0063531596017325
silkarnya,7.699500340161678
siluman,7.699500340161678
simak,7.699500340161678
simbol,7.294035232053513
simpan,7.699500340161678
simpang,7.699500340161678
simple,7.699500340161678
sing,7.699500340161678
singapore,6.600888051493568
singapura,7.294035232053513
singapure,7.699500340161678
singkir,7.0063531596017325
sini,5.502275762825459
sinisogok,7.699500340161678
sinuwun,7.699500340161678
sip,7.699500340161678
sipil,7.699500340161678
sirkuit,7.294035232053513
sisa,7.699500340161678
sistem,6.44673737166631
situ,6.195422943385404
situasi,7.0063531596017325
ska,7.294035232053513
skeptis,7.699500340161678
skil,7.699500340161678
skill,7.699500340161678
skyway,7.699500340161678
slamatan,7.699500340161678
sliweran,7.699500340161678
slogan,7.699500340161678
so,6.783209608287523
soal,6.313205979041787
sodet,7.699500340161678
soekarno,7.699500340161678
soetta,7.699500340161678
softbank,7.699500340161678
sogok,7.699500340161678
sok,7.0063531596017325
solar,7.294035232053513
solarcell,7.699500340161678
solusi,7.0063531596017325
somary,7.699500340161678
sontoloyo,7.699500340161678
sorry,7.699500340161678
sory,7.699500340161678
sosial,6.44673737166631
sosmed,7.699500340161678
sotoy,7.699500340161678
spa,7.699500340161678
space,7.699500340161678
squad,7.699500340161678
srakah,7.699500340161678
srpakbola,7.699500340161678
stadion,7.294035232053513
stalin,7.294035232053513
standard,7.699500340161678
starling,7.699500340161678
start,7.699500340161678
steady,7.699500340161678
stekholder,7.699500340161678
stigma,7.699500340161678
stop,7.0063531596017325
strategis,7.699500340161678
stress,7.699500340161678
struktur,7.699500340161678
stu,7.699500340161678
stusemua,7.699500340161678
style,7.0063531596017325
suap,6.783209608287523
suara,6.783209608287523
suasana,7.294035232053513
suatu,5.907740870933623
subhana,7.699500340161678
subhanallah,7.699500340161678
subsidi,6.44673737166631
subur,7.699500340161678
sudah,7.699500340161678
sudrun,7.699500340161678
suekarno,7.699500340161678
suka,5.620058798481842
sukacita,7.699500340161678
sukses,4.866286996105462
suksesor,7.699500340161678
suku,6.600888051493568
sulap,7.699500340161678
sulawesi,7.0063531596017325
sulit,5.994752247923253
sumadilaga,7.699500340161678
sumatera,7.0063531596017325
sumatra,7.0063531596017325
sumbang,7.699500340161678
sumber,6.600888051493568
sumberdaya,7.699500340161678
sumpek,6.783209608287523
sumur,7.294035232053513
sundakami,7.699500340161678
sungai,6.313205979041787
sungguh,6.600888051493568
suoaya,7.699500340161678
super,6.600888051493568
superpower,7.699500340161678
supir,7.294035232053513
suport,7.699500340161678
supplier,7.699500340161678
supply,7.699500340161678
suriyo,7.699500340161678
suruh,6.600888051493568
surya,7.699500340161678
susah,5.7535901911063645
susup,7.699500340161678
swasta,7.294035232053513
swiss,7.699500340161678
swt,5.994752247923253
sx,7.699500340161678
syah,7.699500340161678
syariah,7.699500340161678
syariat,7.699500340161678
syukur,7.0063531596017325
taala,7.699500340161678
taat,7.294035232053513
tabarakallah,7.699500340161678
tadi,6.600888051493568
tadipm,7.699500340161678
tah,7.699500340161678
tahan,6.313205979041787
tahap,6.195422943385404
tahu,6.090062427727577
tahun,4.403663474157349
tai,7.699500340161678
tak,7.294035232053513
takbisa,7.699500340161678
takfiri,7.699500340161678
takut,5.684597319619413
takutnangis,7.699500340161678
taman,7.699500340161678
tambah,5.396915247167632
tambang,6.600888051493568
tampa,7.699500340161678
tampak,6.783209608287523
tampil,7.699500340161678
tampung,7.0063531596017325
tamu,7.699500340161678
tanah,4.679075454017315
tanam,5.907740870933623
tandus,7.699500340161678
tangan,6.195422943385404
tangerang,7.699500340161678
tangga,7.699500340161678
tanggal,7.699500340161678
tangguh,7.699500340161678
tanggul,7.699500340161678
tanggulang,7.699500340161678
tanggung,6.600888051493568
tangkar,7.699500340161678
tani,7.294035232053513
tantang,7.699500340161678
tanya,5.684597319619413
tapi,7.699500340161678
tara,7.699500340161678
taraf,7.699500340161678
target,7.294035232053513
tarik,7.0063531596017325
taruh,7.699500340161678
tarung,7.699500340161678
tata,5.827698163260086
tatah,7.699500340161678
tatakota,7.699500340161678
tatanan,7.699500340161678
tatap,7.294035232053513
tau,5.3481250829982
taufiq,7.699500340161678
tawakaltu,7.699500340161678
tax,7.699500340161678
team,7.699500340161678
tebak,7.699500340161678
tebang,6.313205979041787
tebar,7.699500340161678
tebing,7.699500340161678
tegah,7.699500340161678
tegas,7.294035232053513
tegun,7.699500340161678
teh,7.699500340161678
tekad,7.294035232053513
tekan,7.0063531596017325
teknik,7.294035232053513
tekor,7.699500340161678
teks,7.699500340161678
telat,7.0063531596017325
teman,7.294035232053513
tembak,7.699500340161678
tembok,7.699500340161678
tembus,7.699500340161678
tempat,4.679075454017315
tempathunian,7.699500340161678
tempatpantai,7.699500340161678
tempoh,7.699500340161678
tempur,7.294035232053513
tenaga,6.44673737166631
tenang,7.699500340161678
tender,7.699500340161678
teng,7.699500340161678
tengah,6.195422943385404
tengelam,7.699500340161678
tenggara,7.699500340161678
tenggelam,6.313205979041787
tenggelamudh,7.699500340161678
tentang,7.699500340161678
tentara,7.294035232053513
tentu,6.783209608287523
teori,7.294035232053513
tepat,6.195422943385404
ter,6.44673737166631
teral,7.699500340161678
terampil,7.294035232053513
terang,7.294035232053513
terbang,7.699500340161678
teriak,6.783209608287523
terima,5.620058798481842
terimakasih,6.600888051493568
terkafer,7.699500340161678
terlalu,5.3481250829982
termangkrak,7.699500340161678
terminal,7.699500340161678
ternak,7.699500340161678
teroris,7.294035232053513
terowongan,7.699500340161678
terselesaikanagar,7.699500340161678
tertawa,7.699500340161678
tertib,7.699500340161678
terus,4.075159407185312
terwujudjawa,7.699500340161678
terwujudsemoga,7.699500340161678
tetangga,6.600888051493568
tetanggahutangmu,7.699500340161678
tetap,4.755061360995238
tetapa,7.699500340161678
tetep,7.0063531596017325
the,6.44673737166631
thebeess,7.699500340161678
tiada,7.699500340161678
tiang,6.783209608287523
tiap,6.090062427727577
tiba,7.294035232053513
tibatiba,7.294035232053513
tidakbakan,7.699500340161678
tidakdilanjuti,7.699500340161678
tidur,7.699500340161678
timbul,7.294035232053513
timika,7.699500340161678
timses,7.699500340161678
timur,6.090062427727577
ting,7.699500340161678
tinggal,5.214593690373678
tingggi,7.699500340161678
tinggi,5.502275762825459
tingkat,6.090062427727577
tingkatin,7.699500340161678
tionghoa,7.699500340161678
tiongkok,6.783209608287523
tipis,7.699500340161678
tipu,7.699500340161678
tir,7.699500340161678
tiru,7.699500340161678
titik,6.195422943385404
titis,7.699500340161678
tka,7.0063531596017325
tmpat,7.699500340161678
tni,6.783209608287523
to,7.0063531596017325
tok,7.294035232053513
toko,7.0063531596017325
tokyo,7.294035232053513
tol,5.3481250829982
tolak,6.313205979041787
toleran,7.699500340161678
toleransi,7.699500340161678
toll,7.294035232053513
tolol,7.0063531596017325
tolong,7.294035232053513
tolongya,7.699500340161678
tombak,7.699500340161678
tong,7.699500340161678
tonton,6.783209608287523
top,7.294035232053513
topografi,7.699500340161678
total,7.294035232053513
tradisi,7.699500340161678
traffic,7.699500340161678
traficlight,7.699500340161678
transparan,7.699500340161678
transportasi,6.783209608287523
trek,7.699500340161678
tres,7.699500340161678
tri,7.294035232053513
triliun,6.783209608287523
trimakasih,7.699500340161678
triplek,7.699500340161678
triumf,7.699500340161678
trotoar,7.294035232053513
truk,7.0063531596017325
trutama,7.699500340161678
tsb,7.699500340161678
tua,7.294035232053513
tuai,7.699500340161678
tugas,5.994752247923253
tuhan,5.994752247923253
tuhh,7.699500340161678
tuju,4.755061360995238
tukang,7.0063531596017325
tukangmandor,7.699500340161678
tulus,7.699500340161678
tumben,7.699500340161678
tumbuh,6.783209608287523
tumpu,7.699500340161678
tumpuk,6.783209608287523
tunda,7.699500340161678
tunduk,7.294035232053513
tunggal,7.294035232053513
tunggu,6.783209608287523
tunjang,6.600888051493568
tunjuk,7.294035232053513
tunnel,7.294035232053513
tuntas,7.0063531596017325
turbin,7.294035232053513
turun,6.600888051493568
turut,6.44673737166631
tutup,7.0063531596017325
uang,4.755061360995238
ubah,5.7535901911063645
udara,6.44673737166631
udeh,7.699500340161678
ugal,7.699500340161678
ugalan,7.699500340161678
ujung,5.827698163260086
ukraina,7.699500340161678
ukur,7.0063531596017325
ulah,7.699500340161678
ulang,7.699500340161678
ular,7.699500340161678
ultah,7.699500340161678
umat,7.0063531596017325
umpetin,7.699500340161678
umum,5.620058798481842
umur,6.313205979041787
undang,5.684597319619413
ungan,7.699500340161678
unggul,7.699500340161678
ungkit,7.699500340161678
ungsi,7.699500340161678
unhas,7.699500340161678
unisula,7.699500340161678
unit,7.0063531596017325
untung,6.600888051493568
up,7.294035232053513
upa,7.699500340161678
upacara,6.600888051493568
update,7.0063531596017325
upin,7.699500340161678
upsss,7.699500340161678
urban,7.699500340161678
urgen,7.699500340161678
urgensi,6.783209608287523
urgent,7.699500340161678
urus,5.994752247923253
usa,7.699500340161678
usah,5.907740870933623
usaha,5.396915247167632
usak,7.294035232053513
usia,7.294035232053513
usul,6.600888051493568
utama,5.396915247167632
utang,7.699500340161678
utara,6.600888051493568
utuh,7.294035232053513
utus,7.699500340161678
uud,7.294035232053513
uwais,7.699500340161678
ver,7.699500340161678
versi,7.294035232053513
video,5.994752247923253
vidioin,7.699500340161678
vietnam,7.699500340161678
vihara,6.783209608287523
visi,7.0063531596017325
visioner,7.699500340161678
viva,7.699500340161678
vs,7.0063531596017325
wa,7.0063531596017325
wacana,6.783209608287523
waduk,6.783209608287523
wah,7.0063531596017325
wahabi,7.699500340161678
wahai,7.699500340161678
wajah,7.699500340161678
wajib,6.783209608287523
wakanda,7.294035232053513
wakid,7.699500340161678
wakil,7.294035232053513
waktu,5.994752247923253
walaupun,6.195422943385404
walhi,7.699500340161678
wan,7.294035232053513
waras,7.294035232053513
wardana,7.699500340161678
warga,5.214593690373678
wargaresah,7.699500340161678
waris,7.699500340161678
warna,7.294035232053513
warnadicat,7.699500340161678
warni,7.699500340161678
warung,7.0063531596017325
was,7.294035232053513
waspada,7.699500340161678
wauu,7.699500340161678
waw,7.699500340161678
we,7.699500340161678
welcome,7.699500340161678
wes,7.699500340161678
wewenang,7.699500340161678
wg,7.699500340161678
wib,7.699500340161678
wibawa,7.699500340161678
widodo,6.783209608287523
wih,7.699500340161678
wihara,7.699500340161678
wiii,7.699500340161678
wika,7.699500340161678
wilayah,5.7535901911063645
will,7.699500340161678
wiraswasta,7.699500340161678
wisata,6.783209608287523
wkwk,5.257153304792474
wkwkwkpadahal,7.699500340161678
wna,7.0063531596017325
woi,7.0063531596017325
wow,7.0063531596017325
wujud,5.559434176665407
xijinping,7.699500340161678
yahdik,7.699500340161678
yakin,5.684597319619413
yamaha,7.699500340161678
yaman,7.0063531596017325
yarbal,7.699500340161678
yarobbaal,7.699500340161678
yarobbal,7.699500340161678
yasalam,7.294035232053513
yogi,7.699500340161678
yohanes,6.44673737166631
yohanies,7.699500340161678
yoi,7.699500340161678
york,7.699500340161678
youtuber,7.294035232053513
yra,6.44673737166631
yt,7.699500340161678
ytc,7.699500340161678
yth,7.699500340161678
zaman,7.0063531596017325
zona,7.699500340161678
